ATLANTA HAWKS,Salary,Salary,Salary,Salary,Salary,Salary,,,
Player,Age,2017-18,2018-19,2019-20,2020-21,2021-22,2022-23,Signed Using,Guaranteed
Kent Bazemore\bazemke01,28,"$16,910,113 ","$18,089,887 ","$19,269,662 ",,,,Cap Space,"$35,000,000 "
Dennis Schroder\schrode01,24,"$15,500,000 ","$15,500,000 ","$15,500,000 ","$15,500,000 ",,,1st Round Pick,"$62,000,000 "
Miles Plumlee\plumlmi01,29,"$12,500,000 ","$12,500,000 ","$12,500,000 ",,,,Bird Rights,"$37,500,000 "
Dewayne Dedmon\dedmode01,28,"$6,000,000 ","$6,300,000 ",,,,,Cap space,"$6,000,000 "
Mike Muscala\muscami01,26,"$5,000,000 ","$5,000,000 ",,,,,Cap space,"$5,000,000 "
Malcolm Delaney\delanma01,29,"$2,500,000 ",,,,,,Room Exception,"$2,500,000 "
Taurean Waller-Prince\princta02,24,"$2,422,560 ","$2,526,840 ","$3,481,986 ",,,,1st Round pick,"$4,949,400 "
John Collins\collijo01,20,"$1,936,920 ","$2,299,080 ","$2,686,560 ","$4,137,302 ",,,1st Round Pick,"$4,236,000 "
DeAndre' Bembry\bembrde01,23,"$1,567,200 ","$1,634,640 ","$2,603,982 ",,,,1st Round pick,"$3,201,840 "
Isaiah Taylor\taylois01,23,"$1,312,611 ","$1,544,951 ",,,,,Minimum Salary,"$1,312,611 "
Tyler Dorsey\dorsety01,22,"$815,615 ","$1,378,242 ",,,,,Minimum Salary,"$2,193,857 "
Tyler Cavanaugh\cavanty01,24,"$679,919 ","$1,378,242 ",,,,,Two-Way Converted,"$679,919 "
Damion Lee\leeda03,25,"$92,160 ",,,,,,10-Day Contract,
Antonius Cleveland\clevean01,24,,,,,,,,
Andrew White\whitean01,24,TBD,,,,,,Two-Way Contract,TBD
Jaylen Morris\morrija01,22,,,,,,,,
Josh Magette\magetjo01,28,TBD,,,,,,Two-Way Contract,"$50,000 "
Jamal Crawford\crawfja01,38,"$10,942,762 ","$2,304,226 ",,,,,,"$13,246,988 "
Marco Belinelli\belinma01,32,"$6,306,060 ",,,,,,,"$6,306,060 "
Ersan Ilyasova\ilyaser01,30,"$6,000,000 ",,,,,,,"$6,000,000 "
Richard Jefferson\jefferi01,37,"$2,500,000 ",,,,,,,"$2,500,000 "
Mike Dunleavy\dunlemi02,37,"$1,662,500 ",,,,,,,"$1,662,500 "
Okaro White\whiteok01,25,"$1,312,611 ",,,,,,,"$1,312,611 "
Sheldon Mac\mcclesh01,25,"$1,312,611 ",,,,,,,"$1,312,611 "
Diamond Stone\stonedi01,21,"$1,312,611 ",,,,,,,"$1,312,611 "
Nicolas Brussino\brussni01,25,"$1,312,611 ",,,,,,,"$1,312,611 "
Quinn Cook\cookqu01,25,"$100,000 ",,,,,,,"$100,000 "
Jaylen Morris\morrija01,22,"$92,160 ",,,,,,,
Antonius Cleveland\clevean01,24,"$92,160 ",,,,,,,
Jeremy Evans\evansje01,30,"$50,000 ",,,,,,,"$50,000 "
Tyler Cavanaugh\cavanty01,24,"$50,000 ",,,,,,,"$50,000 "
DeAndre Liggins\liggide01,29,"$26,773 ",,,,,,,"$26,773 "
Team Totals,,"$100,309,957 ","$70,456,108 ","$56,042,190 ","$19,637,302 ",,,,"$199,816,392 "
BOSTON CELTICS,Salary,Salary,Salary,Salary,Salary,Salary,,,
Player,Age,2017-18,2018-19,2019-20,2020-21,2021-22,2022-23,Signed Using,Guaranteed
Gordon Hayward\haywago01,28,"$29,727,900 ","$31,214,295 ","$32,700,690 ","$34,187,085 ",,,Cap space,"$93,642,885 "
Al Horford\horfoal01,31,"$27,734,405 ","$28,928,710 ","$30,123,015 ",,,,Cap Space,"$56,663,115 "
Kyrie Irving\irvinky01,26,"$18,868,625 ","$20,099,188 ","$21,329,750 ",,,,Bird Rights,"$38,967,813 "
Jayson Tatum\tatumja01,20,"$5,645,400 ","$6,700,800 ","$7,830,000 ","$9,897,120 ",,,1st Round Pick,"$12,346,200 "
Greg Monroe\monrogr01,27,"$5,000,000 ",,,,,,Disabled Player Exception,"$5,000,000 "
Marcus Morris\morrima03,28,"$5,000,000 ","$5,375,000 ",,,,,Bird Rights,"$10,375,000 "
Jaylen Brown\brownja02,21,"$4,956,480 ","$5,169,960 ","$6,534,829 ",,,,1st Rd pick,"$10,126,440 "
Marcus Smart\smartma01,24,"$4,538,020 ",,,,,,1st Round Pick,"$4,538,020 "
Aron Baynes\baynear01,31,"$4,328,000 ",,,,,,Room Exception,"$4,328,000 "
Guerschon Yabusele\yabusgu01,22,"$2,247,480 ","$2,667,600 ","$3,117,240 ","$4,781,846 ",,,1st Round Pick,"$4,915,080 "
Terry Rozier\roziete01,24,"$1,988,520 ","$3,050,390 ",,,,,1st round pick,"$5,038,910 "
Shane Larkin\larkish01,25,"$1,524,305 ",,,,,,Minimum Salary,"$1,524,305 "
Semi Ojeleye\ojelese01,23,"$1,291,892 ","$1,378,242 ","$1,618,520 ","$1,752,950 ",,,,"$2,193,857 "
Abdel Nader\naderab01,24,"$1,167,333 ","$1,378,242 ","$1,618,520 ","$1,752,950 ",,,,"$1,617,333 "
Daniel Theis\theisda01,25,"$815,615 ","$1,378,242 ",,,,,Minimum Salary,"$815,615 "
Xavier Silas\silasxa01,30,"$74,159 ",,,,,,10-Day Contract,
Kadeem Allen\allenka01,25,TBD,,,,,,Two-Way Contract,"$50,000 "
Jabari Bird\birdja01,23,TBD,,,,,,Two-Way Contract,"$50,000 "
Demetrius Jackson\jacksde01,23,"$92,858 ","$92,857 ","$92,857 ","$92,857 ","$92,857 ","$92,857 ",,"$650,000 "
Jarell Eddie\eddieja01,26,"$83,129 ",,,,,,,"$83,129 "
Team Totals,,"$115,084,121 ","$107,433,526 ","$104,965,421 ","$52,464,808 ","$92,857 ",92857,,"$252,925,702 "
BROOKLYN NETS,Salary,Salary,Salary,Salary,Salary,Salary,,,
Player,Age,2017-18,2018-19,2019-20,2020-21,2021-22,2022-23,Signed Using,Guaranteed
Allen Crabbe\crabbal01,25,"$19,332,500 ","$18,500,000 ","$18,500,000 ",,,,Cap Space,"$37,832,500 "
Timofey Mozgov\mozgoti01,31,"$15,280,000 ","$16,000,000 ","$16,720,000 ",,,,Cap Space,"$48,000,000 "
DeMarre Carroll\carrode01,31,"$14,800,000 ","$15,400,000 ",,,,,Cap Space,"$30,200,000 "
Jeremy Lin\linje01,29,"$12,000,000 ","$12,516,746 ",,,,,Cap Space,"$24,516,746 "
D'Angelo Russell\russeda01,22,"$5,562,360 ","$7,019,698 ",,,,,1st round pick,"$12,582,058 "
Jahlil Okafor\okafoja01,22,"$4,995,120 ",,,,,,1st round pick,"$4,995,120 "
Nik Stauskas\stausni01,24,"$3,807,146 ",,,,,,1st Round Pick,"$3,807,146 "
Dante Cunningham\cunnida01,30,"$2,300,000 ",,,,,,MLE,"$2,300,000 "
Jarrett Allen\allenja01,19,"$1,713,720 ","$2,034,120 ","$2,376,840 ","$3,909,902 ",,,1st Round Pick,"$3,747,840 "
Quincy Acy\acyqu01,27,"$1,709,538 ",,,,,,Cap space,
Caris LeVert\leverca01,23,"$1,632,480 ","$1,702,800 ","$2,625,718 ",,,,1st Round pick,"$3,335,280 "
Spencer Dinwiddie\dinwisp01,24,"$1,524,305 ","$1,656,092 ",,,,,Minimum Salary,"$1,524,305 "
Joe Harris\harrijo01,26,"$1,524,305 ",,,,,,Minimum Salary,"$1,524,305 "
Rondae Hollis-Jefferson\holliro01,23,"$1,471,382 ","$2,470,357 ",,,,,1st Round pick,"$3,941,739 "
Isaiah Whitehead\whiteis01,23,"$1,312,611 ","$1,544,951 ","$1,676,735 ",,,,Cap Space,"$1,312,611 "
James Webb\webbja01,24,TBD,,,,,,Two-Way Contract,TBD
Milton Doyle\doylemi01,24,TBD,,,,,,Two-Way Contract,TBD
Jacob Wiley\wileyja01,23,TBD,,,,,,Two-Way Contract,"$50,000 "
Deron Williams\willide01,33,"$5,500,000 ","$5,500,000 ","$5,500,000 ",,,,,"$16,500,000 "
Sean Kilpatrick\kilpase01,28,"$1,524,305 ",,,,,,,"$1,524,305 "
Yakuba Ouattara\ouattya01,26,"$50,000 ",,,,,,,"$50,000 "
Team Totals,,"$96,039,772 ","$84,344,764 ","$47,399,293 ","$3,909,902 ",,,,"$197,743,955 "
CHARLOTTE HORNETS,Salary,Salary,Salary,Salary,Salary,Salary,,,
Player,Age,2017-18,2018-19,2019-20,2020-21,2021-22,2022-23,Signed Using,Guaranteed
Dwight Howard\howardw01,32,"$23,500,000 ","$23,819,725 ",,,,,Cap Space,"$47,319,725 "
Nicolas Batum\batumni01,29,"$22,434,783 ","$24,000,000 ","$25,565,217 ","$27,130,434 ",,,Cap Space,"$72,000,000 "
Marvin Williams\willima02,31,"$13,168,750 ","$14,087,500 ","$15,006,250 ",,,,Cap Space,"$27,256,250 "
Michael Kidd-Gilchrist\kiddgmi01,24,"$13,000,000 ","$13,000,000 ","$13,000,000 ",,,,1st Round Pick,"$26,000,000 "
Cody Zeller\zelleco01,25,"$12,584,270 ","$13,528,090 ","$14,471,910 ","$15,415,730 ",,,1st Round Pick,"$56,000,000 "
Kemba Walker\walkeke02,27,"$12,000,000 ","$12,000,000 ",,,,,1st Round Pick,"$24,000,000 "
Jeremy Lamb\lambje01,25,"$7,000,000 ","$7,488,372 ",,,,,Rookie scale extension,"$14,488,372 "
Malik Monk\monkma01,20,"$2,904,480 ","$3,447,480 ","$4,028,400 ","$5,345,687 ",,,1st Round Pick,"$6,351,960 "
Frank Kaminsky\kaminfr01,24,"$2,847,600 ","$3,627,842 ",,,,,1st round pick,"$6,475,442 "
Michael Carter-Williams\cartemi01,26,"$2,700,000 ",,,,,,Bi-annual Exception,"$2,700,000 "
Julyan Stone\stoneju01,29,"$1,524,305 ","$1,656,092 ",,,,,Minimum Salary,"$1,524,305 "
Willy Hernangomez\hernawi01,23,"$1,435,750 ","$1,544,951 ","$1,701,735 ",,,,Cap Space,"$2,980,701 "
Treveon Graham\grahatr01,24,"$1,312,611 ",,,,,,Minimum Salary,"$1,312,611 "
Dwayne Bacon\bacondw01,22,"$815,615 ","$1,378,242 ","$1,618,520 ",,,,MLE,"$2,193,857 "
Marcus Paige\paigema01,24,TBD,,,,,,Two-Way Contract,"$50,000 "
Mangok Mathiang\mathima01,25,TBD,,,,,,Two-Way Contract,"$50,000 "
Team Totals,,"$117,228,164 ","$119,578,294 ","$75,392,032 ","$47,891,851 ",,,,"$290,703,223 "
CHICAGO BULLS,Salary,Salary,Salary,Salary,Salary,Salary,,,
Player,Age,2017-18,2018-19,2019-20,2020-21,2021-22,2022-23,Signed Using,Guaranteed
Robin Lopez\lopezro01,29,"$13,788,500 ","$14,357,750 ",,,,,Cap Space,"$28,146,250 "
Omer Asik\asikom01,31,"$10,595,505 ","$11,286,516 ","$11,977,527 ",,,,Bird Rights,"$24,882,021 "
Cristiano Felicio\feliccr01,25,"$7,843,500 ","$8,470,980 ","$8,156,500 ","$7,529,020 ",,,Cap space,"$32,000,000 "
Justin Holiday\holidju01,28,"$4,615,385 ","$4,384,616 ",,,,,MLE,"$9,000,001 "
Kris Dunn\dunnkr01,24,"$4,046,760 ","$4,221,000 ","$5,348,007 ",,,,1st Round pick,"$8,267,760 "
Lauri Markkanen\markkla01,20,"$3,821,640 ","$4,536,120 ","$5,300,400 ","$6,731,508 ",,,1st Round Pick,"$8,357,760 "
Noah Vonleh\vonleno01,22,"$3,505,233 ",,,,,,1st Round Pick,"$3,505,233 "
Zach LaVine\lavinza01,23,"$3,202,217 ",,,,,,1st Round Pick,"$3,202,217 "
Cameron Payne\payneca01,23,"$2,203,440 ","$3,263,295 ",,,,,1st round pick,"$5,466,735 "
Denzel Valentine\valende01,24,"$2,186,400 ","$2,280,600 ","$3,377,569 ",,,,1st Round pick,"$4,467,000 "
Jerian Grant\grantje02,25,"$1,713,840 ","$2,639,314 ",,,,,1st Round pick,"$4,353,154 "
Bobby Portis\portibo01,23,"$1,516,320 ","$2,494,346 ",,,,,1st Round pick,"$4,010,666 "
Paul Zipser\zipsepa01,24,"$1,312,611 ","$1,544,951 ","$1,676,735 ",,,,Cap Space,"$1,312,611 "
David Nwaba\nwabada01,25,"$1,312,611 ",,,,,,Minimum Salary,"$1,312,611 "
Antonio Blakeney\blakean01,21,TBD,,,,,,Two-Way Contract,"$50,000 "
Sean Kilpatrick\kilpase01,28,,,,,,,Mid-Level Exception,
Ryan Arcidiacono\arcidry01,24,TBD,,,,,,Two-Way Contract,"$50,000 "
Dwyane Wade\wadedw01,36,"$15,550,000 ",,,,,,,"$15,550,000 "
Quincy Pondexter\pondequ01,30,"$3,853,931 ",,,,,,,"$3,853,931 "
Rajon Rondo\rondora01,32,"$3,000,000 ",,,,,,,"$3,000,000 "
Tony Allen\allento01,36,"$2,116,955 ",,,,,,,"$2,116,955 "
Willie Reed\reedwi02,27,"$1,577,230 ",,,,,,,"$1,577,230 "
Kay Felder\feldeka01,23,"$1,312,611 ","$1,544,951 ",,,,,,"$456,529 "
Isaiah Canaan\canaais01,26,"$200,000 ",,,,,,,"$200,000 "
Jarell Eddie\eddieja01,26,"$83,129 ",,,,,,,
Diamond Stone\stonedi01,21,"$50,000 ",,,,,,,"$50,000 "
Jarell Eddie\eddieja01,26,"$17,224 ",,,,,,,"$17,224 "
C.J. Fair\faircj02,26,,,,,,,,
Jaylen Johnson\johnsja04,21,,,,,,,,
Team Totals,,"$89,425,042 ","$61,024,439 ","$35,836,738 ","$14,260,528 ",,,,"$165,205,888 "
CLEVELAND,Salary,Salary,Salary,Salary,Salary,Salary,,,
Player,Age,2017-18,2018-19,2019-20,2020-21,2021-22,2022-23,Signed Using,Guaranteed
LeBron James\jamesle01,33,"$33,285,709 ","$35,607,968 ",,,,,Early Bird,"$33,285,709 "
Kevin Love\loveke01,29,"$22,642,350 ","$24,119,025 ","$25,595,700 ",,,,Bird Rights,"$46,761,375 "
George Hill\hillge01,31,"$20,000,000 ","$19,000,000 ","$18,000,000 ",,,,Cap space,"$40,000,000 "
Tristan Thompson\thomptr01,27,"$16,400,000 ","$17,469,565 ","$18,539,130 ",,,,Bird Rights,"$52,408,695 "
J.R. Smith\smithjr01,32,"$13,760,000 ","$14,720,000 ","$15,680,000 ",,,,Bird Rights,"$32,350,000 "
Jordan Clarkson\clarkjo01,25,"$11,562,500 ","$12,500,000 ","$13,437,500 ",,,,Cap Space,"$37,500,000 "
Kyle Korver\korveky01,37,"$7,000,000 ","$7,560,000 ","$7,500,000 ",,,,Bird Rights,"$18,000,000 "
Cedi Osman\osmande01,22,"$2,642,857 ","$2,775,000 ","$2,907,143 ",,,,MLE,"$8,325,000 "
Rodney Hood\hoodro01,25,"$2,386,864 ",,,,,,1st Round Pick,"$2,386,864 "
Jose Calderon\caldejo01,36,"$2,328,652 ",,,,,,Minimum Salary,"$2,328,652 "
Jeff Green\greenje02,31,"$2,116,955 ",,,,,,Minimum Salary,"$2,116,955 "
Ante Zizic\zizican01,21,"$1,645,200 ","$1,952,760 ","$2,281,800 ","$3,872,215 ",,,1st Round Pick,"$3,597,960 "
Larry Nance\nancela02,25,"$1,471,382 ","$2,272,391 ",,,,,1st Round pick,"$3,743,773 "
London Perrantes\perralo01,23,TBD,,,,,,Two-Way Contract,"$74,718 "
John Holland\hollajo02,29,TBD,,,,,,Two-Way Contract,"$50,000 "
Okaro White\whiteok01,25,"$74,159 ",,,,,,,
Marcus Thornton\thornma02,25,"$46,080 ",,,,,,,
Team Totals,,"$137,362,708 ","$137,976,709 ","$103,941,273 ","$3,872,215 ",,,,"$282,929,701 "
DALLAS MAVERICKS,Salary,Salary,Salary,Salary,Salary,Salary,,,
Player,Age,2017-18,2018-19,2019-20,2020-21,2021-22,2022-23,Signed Using,Guaranteed
Harrison Barnes\barneha02,25,"$23,112,004 ","$24,107,258 ","$25,102,512 ",,,,Cap Space,"$47,219,262 "
Wesley Matthews\matthwe02,31,"$17,884,176 ","$18,622,514 ",,,,,Cap Space,"$17,884,176 "
Dwight Powell\poweldw01,26,"$9,003,125 ","$9,631,250 ","$10,259,375 ",,,,Cap Space,"$18,634,375 "
Dirk Nowitzki\nowitdi01,39,"$5,000,000 ","$5,000,000 ",,,,,Cap space,"$5,000,000 "
Nerlens Noel\noelne01,23,"$4,187,599 ",,,,,,1st Round Pick,"$4,187,599 "
J.J. Barea\bareajo01,33,"$3,903,900 ","$3,710,850 ",,,,,Cap Space,"$7,614,750 "
Doug McDermott\mcderdo01,26,"$3,294,994 ",,,,,,1st Round Pick,"$3,294,994 "
Dennis Smith\smithde03,20,"$3,218,280 ","$3,819,960 ","$4,463,640 ","$5,686,677 ",,,1st Round Pick,"$7,038,240 "
Seth Curry\curryse01,27,"$3,028,410 ",,,,,,Room exception,"$3,028,410 "
Salah Mejri\mejrisa01,31,"$1,471,382 ",,,,,,Minimum Salary,"$1,471,382 "
Yogi Ferrell\ferreyo01,24,"$1,312,611 ",,,,,,Minimum Salary,"$1,312,611 "
Dorian Finney-Smith\finnedo01,24,"$1,312,611 ","$1,544,951 ",,,,,Minimum Salary,"$1,312,611 "
Maxi Kleber\klebima01,26,"$815,615 ","$1,378,242 ",,,,,Minimum Salary,"$815,615 "
Aaron Harrison\harriaa01,23,"$83,129 ",,,,,,10-Day Contract,
Jalen Jones\jonesja04,24,TBD,,,,,,Two-Way Contract,TBD
Johnathan Motley\motlejo01,22,TBD,,,,,,Two-Way Contract,"$50,000 "
Kyle Collinsworth\colliky01,26,,,,,,,Minimum Salary,
Josh McRoberts\mcrobjo01,31,"$6,021,175 ",,,,,,,"$6,021,175 "
Jeff Withey\witheje01,28,"$1,577,320 ","$1,795,015 ",,,,,,"$350,000 "
Gal Mekel\mekelga01,30,"$315,760 ",,,,,,,"$315,760 "
Kyle Collinsworth\colliky01,26,"$92,160 ",,,,,,,"$92,160 "
Scotty Hopson\hopsosc01,28,"$74,159 ",,,,,,,
Kyle Collinsworth\colliky01,26,"$50,000 ",,,,,,,"$50,000 "
Gian Clavell\clavegi01,24,"$50,000 ",,,,,,,"$50,000 "
Antonius Cleveland\clevean01,24,"$50,000 ",,,,,,,"$50,000 "
Jameel Warney\warneja01,24,"$46,080 ",,,,,,,
Team Totals,,"$85,904,490 ","$69,610,040 ","$39,825,527 ","$5,686,677 ",,,,"$125,793,120 "
DENVER NUGGETS,Salary,Salary,Salary,Salary,Salary,Salary,,,
Player,Age,2017-18,2018-19,2019-20,2020-21,2021-22,2022-23,Signed Using,Guaranteed
Paul Millsap\millspa01,33,"$31,269,231 ","$29,730,769 ","$30,500,000 ",,,,Cap space,"$61,000,000 "
Mason Plumlee\plumlma01,28,"$14,041,096 ","$12,917,808 ","$14,041,096 ",,,,Cap space,"$41,000,000 "
Kenneth Faried\farieke01,28,"$12,921,348 ","$13,764,045 ",,,,,1st Round Pick,"$26,685,393 "
Wilson Chandler\chandwi01,30,"$12,016,854 ","$12,800,562 ",,,,,,"$12,016,854 "
Darrell Arthur\arthuda01,30,"$7,464,912 ","$7,464,912 ",,,,,Cap Space,"$7,464,912 "
Devin Harris\harride01,35,"$4,402,546 ",,,,,,Cap Space,"$4,402,546 "
Will Barton\bartowi01,27,"$3,533,333 ",,,,,,Bird Rights,"$3,533,333 "
Jamal Murray\murraja01,21,"$3,355,320 ","$3,499,800 ","$4,444,746 ",,,,1st Round pick,"$6,855,120 "
Gary Harris\harriga01,23,"$2,550,055 ","$16,517,857 ","$17,839,286 ","$19,160,714 ","$20,482,143 ",,1st Round Pick,"$76,550,055 "
Trey Lyles\lylestr01,22,"$2,441,400 ","$3,364,249 ",,,,,1st round pick,"$5,805,649 "
Richard Jefferson\jefferi01,37,"$2,328,652 ",,,,,,Minimum Salary,"$2,328,652 "
Juan Hernangomez\hernaju01,22,"$2,076,840 ","$2,166,360 ","$3,321,030 ",,,,1st Round pick,"$4,243,200 "
Malik Beasley\beaslma01,21,"$1,700,640 ","$1,773,840 ","$2,731,714 ",,,,1st Round pick,"$3,474,480 "
Tyler Lydon\lydonty01,21,"$1,579,440 ","$1,874,640 ","$2,190,720 ",,,,1st Round Pick,"$3,454,080 "
Nikola Jokic\jokicni01,23,"$1,471,382 ","$1,600,520 ",,,,,,"$1,471,382 "
Monte Morris\morrimo01,22,TBD,,,,,,Two-Way Contract,"$50,000 "
Torrey Craig\craigto01,27,TBD,,,,,,Two-Way Contract,"$50,000 "
Jameer Nelson\nelsoja01,36,"$4,736,050 ",,,,,,,"$4,736,050 "
Team Totals,,"$107,889,099 ","$107,475,362 ","$75,068,592 ","$19,160,714 ","$20,482,143 ",,,"$265,121,706 "
DETROIT PISTONS,Salary,Salary,Salary,Salary,Salary,Salary,,,
Player,Age,2017-18,2018-19,2019-20,2020-21,2021-22,2022-23,Signed Using,Guaranteed
Blake Griffin\griffbl01,29,"$29,512,900 ","$31,873,932 ","$34,234,964 ","$36,595,996 ","$38,957,028 ",,Bird Rights,"$132,217,792 "
Andre Drummond\drumman01,24,"$23,775,506 ","$25,434,263 ","$27,093,019 ","$28,751,775 ",,,Cap Space,"$76,302,788 "
Reggie Jackson\jacksre01,27,"$16,000,000 ","$17,043,478 ","$18,086,956 ",,,,Bird Rights,"$51,130,434 "
Jon Leuer\leuerjo01,28,"$10,497,319 ","$10,002,681 ","$9,508,043 ",,,,Cap Space,"$30,008,043 "
Langston Galloway\gallola01,26,"$6,666,667 ","$7,000,000 ","$7,333,333 ",,,,MLE,"$21,000,000 "
Ish Smith\smithis01,29,"$6,000,000 ","$6,000,000 ",,,,,Cap Space,"$12,000,000 "
Anthony Tolliver\tollian01,32,"$3,290,000 ",,,,,,Bi-annual Exception,"$3,290,000 "
Stanley Johnson\johnsst04,21,"$3,097,800 ","$3,940,402 ",,,,,1st round pick,"$7,038,202 "
James Ennis\ennisja01,27,"$3,028,410 ",,,,,,Room exception,"$3,028,410 "
Luke Kennard\kennalu01,21,"$2,759,280 ","$3,275,280 ","$3,827,160 ","$5,273,826 ",,,1st Round Pick,"$6,034,560 "
Reggie Bullock\bullore01,27,"$2,500,000 ","$2,500,000 ",,,,,Cap space,"$2,500,000 "
Jameer Nelson\nelsoja01,36,"$2,262,871 ",,,,,,,"$2,262,871 "
Henry Ellenson\ellenhe01,21,"$1,780,800 ","$1,857,480 ","$2,856,804 ",,,,1st Round pick,"$3,638,280 "
Eric Moreland\moreler01,26,"$1,739,333 ","$1,826,300 ","$1,913,267 ",,,,MLE,"$1,739,333 "
Dwight Buycks\buyckdw01,29,"$748,160 ","$1,600,520 ",,,,,Two-Way Converted,"$748,160 "
Reggie Hearn\hearnre01,26,TBD,,,,,,Two-Way Contract,TBD
Kay Felder\feldeka01,23,TBD,,,,,,Two-Way Contract,TBD
Josh Smith\smithjo03,32,"$5,400,000 ","$5,400,000 ","$5,400,000 ",,,,,"$16,200,000 "
Michael Gbinije\gbinimi01,25,"$500,000 ",,,,,,,"$500,000 "
Aaron Gray\grayaa01,33,"$452,059 ",,,,,,,"$452,059 "
Luis Montero\montelu01,24,"$50,000 ",,,,,,,"$50,000 "
Beno Udrih\udrihbe01,35,"$25,000 ",,,,,,,"$25,000 "
Team Totals,,"$120,086,105 ","$117,754,336 ","$110,253,546 ","$70,621,597 ","$38,957,028 ",,,"$370,165,932 "
GOLDEN STATE WARRIORS,Salary,Salary,Salary,Salary,Salary,Salary,,,
Player,Age,2017-18,2018-19,2019-20,2020-21,2021-22,2022-23,Signed Using,Guaranteed
Stephen Curry\curryst01,30,"$34,682,550 ","$37,457,154 ","$40,231,758 ","$43,006,362 ","$45,780,966 ",,Bird Rights,"$201,158,790 "
Kevin Durant\duranke01,29,"$25,000,000 ","$26,250,000 ",,,,,Non-Bird Rights,"$25,000,000 "
Klay Thompson\thompkl01,28,"$17,826,150 ","$18,988,725 ",,,,,1st Round Pick,"$36,814,875 "
Draymond Green\greendr01,28,"$16,400,000 ","$17,469,565 ","$18,539,130 ",,,,Bird Rights,"$52,408,695 "
Andre Iguodala\iguodan01,34,"$14,814,815 ","$16,000,000 ","$17,185,185 ",,,,Bird Rights,"$48,000,000 "
Shaun Livingston\livinsh01,32,"$7,692,308 ","$8,307,692 ","$7,692,308 ",,,,Bird Rights,"$18,000,000 "
Nick Young\youngni01,32,"$5,192,000 ",,,,,,MLE,"$5,192,000 "
Zaza Pachulia\pachuza01,34,"$3,477,600 ",,,,,,,"$3,477,600 "
David West\westda01,37,"$2,328,652 ",,,,,,Minimum Salary,"$2,328,652 "
JaVale McGee\mcgeeja01,30,"$2,116,955 ",,,,,,,"$2,116,955 "
Omri Casspi\casspom01,29,"$2,106,470 ",,,,,,Minimum Salary,"$2,106,470 "
Kevon Looney\looneke01,22,"$1,471,382 ",,,,,,1st Round pick,"$1,471,382 "
Patrick McCaw\mccawpa01,22,"$1,312,611 ",,,,,,Minimum Salary,"$1,312,611 "
Damian Jones\jonesda03,22,"$1,312,611 ","$1,544,951 ","$2,305,057 ",,,,1st Round pick,"$2,857,562 "
Jordan Bell\belljo01,23,"$815,615 ","$1,378,252 ",,,,,Minimum Salary,"$2,193,867 "
Quinn Cook\cookqu01,25,TBD,,,,,,Two-Way Contract,"$50,000 "
Chris Boucher\bouchch01,25,TBD,,,,,,Two-Way Contract,"$50,000 "
Jason Thompson\thompja02,31,"$945,126 ","$945,126 ",,,,,,"$1,890,252 "
Team Totals,,"$137,494,845 ","$128,341,465 ","$85,953,438 ","$43,006,362 ","$45,780,966 ",,,"$406,429,711 "
HOUSTON ROCKETS,Salary,Salary,Salary,Salary,Salary,Salary,,,
Player,Age,2017-18,2018-19,2019-20,2020-21,2021-22,2022-23,Signed Using,Guaranteed
James Harden\hardeja01,28,"$28,299,399 ","$30,431,854 ","$37,800,000 ","$40,824,000 ","$43,848,000 ","$46,872,000 ",Bird Rights,"$181,203,253 "
Chris Paul\paulch01,32,"$24,599,495 ",,,,,,Bird Rights,"$24,599,495 "
Ryan Anderson\anderry01,29,"$19,578,455 ","$20,421,546 ","$21,264,635 ",,,,Cap Space,"$61,264,636 "
Eric Gordon\gordoer01,29,"$12,943,020 ","$13,500,375 ","$14,057,730 ",,,,Cap Space,"$40,501,125 "
P.J. Tucker\tuckepj01,32,"$7,590,035 ","$7,969,537 ","$8,349,039 ","$7,969,537 ",,,MLE,"$26,477,799 "
Trevor Ariza\arizatr01,32,"$7,420,912 ",,,,,,Bird Rights,"$7,420,912 "
Nene Hilario\hilarne01,35,"$3,477,600 ","$3,651,480 ","$3,825,360 ",,,,Non-Bird Rights,"$10,954,440 "
Tarik Black\blackta01,26,"$3,290,000 ",,,,,,Bi-annual Exception,"$3,290,000 "
Clint Capela\capelca01,23,"$2,334,520 ",,,,,,1st Round Pick,"$2,334,520 "
Luc Mbah a Moute\mbahalu01,31,"$2,116,955 ",,,,,,Minimum Salary,"$2,116,955 "
Chinanu Onuaku\onuakch01,21,"$1,312,611 ","$1,544,951 ",,,,,Minimum Salary,"$2,857,562 "
Gerald Green\greenge01,32,"$947,248 ",,,,,,Minimum Salary,"$947,248 "
Zhou Qi\qizh01,22,"$815,615 ","$1,378,242 ","$1,618,520 ","$1,752,950 ",,,MLE,"$815,615 "
Joe Johnson\johnsjo02,36,"$749,905 ",,,,,,Minimum Salary,
R.J. Hunter\hunterj01,24,TBD,,,,,,Two-Way Contract,TBD
Markel Brown\brownma02,26,TBD,,,,,,Two-Way Contract,TBD
Bobby Brown\brownbo02,33,"$1,524,305 ",,,,,,,
Troy Williams\willitr02,23,"$1,471,382 ","$1,544,951 ","$1,676,735 ",,,,,"$2,085,087 "
Cameron Oliver\oliveca01,21,"$300,000 ",,,,,,,"$300,000 "
Demetrius Jackson\jacksde01,23,"$74,159 ",,,,,,,"$74,159 "
Isaiah Canaan\canaais01,26,"$53,465 ",,,,,,,"$53,465 "
Demetrius Jackson\jacksde01,23,"$50,000 ",,,,,,,"$50,000 "
Briante Weber\weberbr01,25,"$50,000 ",,,,,,,"$50,000 "
Chris Johnson\johnsch04,27,"$25,000 ",,,,,,,"$25,000 "
Bobby Brown\brownbo02,33,,,,,,,,
Brandan Wright\wrighbr03,30,,,,,,,,
Team Totals,,"$119,024,081 ","$80,442,936 ","$88,592,019 ","$50,546,487 ","$43,848,000 ",46872000,,"$367,421,271 "
INDIANA PACERS,Salary,Salary,Salary,Salary,Salary,Salary,,,
Player,Age,2017-18,2018-19,2019-20,2020-21,2021-22,2022-23,Signed Using,Guaranteed
Victor Oladipo\oladivi01,25,"$21,000,000 ","$21,000,000 ","$21,000,000 ","$21,000,000 ",,,1st Round Pick,"$84,000,000 "
Thaddeus Young\youngth01,29,"$14,796,348 ","$13,764,045 ",,,,,Bird Rights,"$14,796,348 "
Bojan Bogdanovic\bogdabo02,28,"$10,500,000 ","$10,500,000 ",,,,,Cap space,"$12,000,000 "
Darren Collison\collida01,30,"$10,000,000 ","$10,000,000 ",,,,,Cap space,"$12,000,000 "
Al Jefferson\jeffeal01,33,"$9,769,821 ","$10,000,000 ",,,,,Cap Space,"$13,769,821 "
Cory Joseph\josepco01,26,"$7,630,000 ","$7,945,000 ",,,,,Cap Space,"$7,630,000 "
Lance Stephenson\stephla01,27,"$4,180,000 ","$4,360,000 ",,,,,Cap space,"$4,180,000 "
Myles Turner\turnemy01,22,"$2,569,920 ","$3,410,284 ",,,,,1st round pick,"$5,980,204 "
Domantas Sabonis\sabondo01,21,"$2,550,000 ","$2,659,800 ","$3,529,555 ",,,,1st Round pick,"$5,209,800 "
T.J. Leaf\leaftj01,20,"$2,028,360 ","$2,407,560 ","$2,813,280 ","$4,326,825 ",,,1st Round Pick,"$4,435,920 "
Glenn Robinson\robingl02,24,"$1,524,305 ",,,,,,Minimum Salary,
Joe Young\youngjo01,25,"$1,471,382 ","$1,600,520 ",,,,,Cap Space,"$1,471,382 "
Ike Anigbogu\anigbik01,19,"$950,000 ","$1,378,242 ","$1,618,520 ",,,,Cap space,"$1,640,000 "
Alex Poythress\poythal01,24,"$778,668 ","$1,544,951 ",,,,,Two-Way Converted,"$778,668 "
Edmond Sumner\sumneed01,22,TBD,,,,,,Two-Way Contract,"$50,000 "
Trevor Booker\booketr01,30,,,,,,,,
Ben Moore\moorebe01,22,TBD,,,,,,Two-Way Contract,TBD
Monta Ellis\ellismo01,32,"$2,245,400 ","$2,245,400 ","$2,245,400 ","$2,245,400 ","$2,245,400 ",,,"$11,227,000 "
Damien Wilkins\wilkida02,38,"$2,116,955 ",,,,,,,"$25,000 "
Rakeem Christmas\chrisra01,26,"$172,552 ",,,,,,,"$172,552 "
Georges Niang\niangge01,24,"$100,000 ",,,,,,,"$100,000 "
Trey McKinney-Jones\mckintr01,27,"$46,080 ",,,,,,,
Team Totals,,"$94,429,791 ","$92,815,802 ","$31,206,755 ","$27,572,225 ","$2,245,400 ",,,"$179,466,695 "
LOS ANGELES CLIPPERS,Salary,Salary,Salary,Salary,Salary,Salary,,,
Player,Age,2017-18,2018-19,2019-20,2020-21,2021-22,2022-23,Signed Using,Guaranteed
DeAndre Jordan\jordade01,29,"$22,642,350 ","$24,119,025 ",,,,,Bird Rights,"$22,642,350 "
Danilo Gallinari\gallida01,29,"$20,559,599 ","$21,587,579 ","$22,615,559 ",,,,Sign and Trade,"$64,762,737 "
Tobias Harris\harrito02,25,"$16,000,000 ","$14,800,000 ",,,,,Bird Rights,"$30,800,000 "
Austin Rivers\riverau01,25,"$11,825,000 ","$12,650,000 ",,,,,Cap Space,"$11,825,000 "
Avery Bradley\bradlav01,27,"$8,808,989 ",,,,,,Bird Rights,"$8,808,989 "
Boban Marjanovic\marjabo01,29,"$7,000,000 ","$7,000,000 ",,,,,Cap Space,"$14,000,000 "
Lou Williams\willilo02,31,"$7,000,000 ","$8,000,000 ","$8,000,000 ","$1,500,000 ",,,Cap Space,"$23,000,000 "
Milos Teodosic\teodomi01,31,"$6,000,000 ","$6,300,000 ",,,,,MLE,"$6,000,000 "
Wesley Johnson\johnswe01,30,"$5,881,260 ","$6,134,000 ",,,,,Cap Space,"$5,881,260 "
Patrick Beverley\beverpa01,29,"$5,513,514 ","$5,027,028 ",,,,,Bird Rights,"$5,513,514 "
Sam Dekker\dekkesa01,23,"$1,794,600 ","$2,760,095 ",,,,,1st Round pick,"$4,554,695 "
Montrezl Harrell\harremo01,24,"$1,471,382 ",,,,,,,"$1,471,382 "
Jawun Evans\evansja01,21,"$815,615 ","$1,378,242 ","$1,618,520 ",,,,MLE,"$2,193,857 "
Sindarius Thornwell\thornsi01,23,"$815,615 ","$1,378,242 ","$1,618,520 ",,,,MLE,"$2,193,857 "
Tyrone Wallace\wallaty01,23,TBD,,,,,,Two-Way Contract,TBD
C.J. Williams\willicj01,28,TBD,,,,,,Two-Way Contract,"$50,000 "
Paul Pierce\piercpa01,40,"$1,096,080 ",,,,,,,"$1,096,080 "
Carlos Delfino\delfica01,35,"$650,000 ","$650,000 ",,,,,,"$1,300,000 "
Jordan Farmar\farmajo01,31,"$510,921 ",,,,,,,"$510,921 "
Miroslav Raduljica\radulmi01,30,"$300,000 ","$300,000 ",,,,,,"$600,000 "
Sean Kilpatrick\kilpase01,28,"$172,238 ",,,,,,,
Jamil Wilson\wilsoja02,27,"$50,000 ",,,,,,,"$50,000 "
Team Totals,,"$118,907,163 ","$112,084,211 ","$33,852,599 ","$1,500,000 ",,,,"$207,254,642 "
LOS ANGELES LAKERS,Salary,Salary,Salary,Salary,Salary,Salary,,,
Player,Age,2017-18,2018-19,2019-20,2020-21,2021-22,2022-23,Signed Using,Guaranteed
Brook Lopez\lopezbr01,29,"$22,642,350 ",,,,,,Bird Rights,"$22,642,350 "
Kentavious Caldwell-Pope\caldwke01,25,"$17,745,894 ",,,,,,Cap space,"$17,745,894 "
Luol Deng\denglu01,32,"$17,190,000 ","$18,000,000 ","$18,810,000 ",,,,Cap Space,"$54,000,000 "
Channing Frye\fryech01,34,"$7,420,912 ",,,,,,Cap Space,"$7,420,912 "
Lonzo Ball\balllo01,20,"$6,286,560 ","$7,461,960 ","$8,719,320 ","$11,003,782 ",,,1st Round Pick,"$13,748,520 "
Isaiah Thomas\thomais02,29,"$6,261,395 ",,,,,,,"$6,261,395 "
Brandon Ingram\ingrabr01,20,"$5,519,400 ","$5,757,120 ","$7,265,485 ",,,,1st Round pick,"$11,276,520 "
Julius Randle\randlju01,23,"$4,149,242 ",,,,,,1st Round Pick,"$4,149,242 "
Tyler Ennis\ennisty01,23,"$1,524,305 ","$1,656,092 ",,,,,Minimum Salary,"$1,524,305 "
Kyle Kuzma\kuzmaky01,22,"$1,423,560 ","$1,689,840 ","$1,974,600 ","$3,562,178 ",,,1st Round Pick,"$3,113,400 "
Josh Hart\hartjo01,23,"$1,394,520 ","$1,655,160 ","$1,934,160 ","$3,491,159 ",,,1st Round Pick,"$3,049,680 "
Ivica Zubac\zubaciv01,21,"$1,312,611 ","$1,544,951 ",,,,,Cap Space,"$1,312,611 "
Thomas Bryant\bryanth01,20,"$815,615 ","$1,378,242 ",,,,,Minimum Salary,"$815,615 "
Gary Payton\paytoga02,25,TBD,,,,,,Two-Way Contract,TBD
Travis Wear\weartr01,27,,,,,,,,
Corey Brewer\breweco01,32,"$7,579,366 ",,,,,,,"$7,579,366 "
Andrew Bogut\bogutan01,33,"$2,328,652 ",,,,,,,
Stephen Zimmerman\zimmest01,21,"$1,312,611 ",,,,,,,
Travis Wear\weartr01,27,"$148,318 ",,,,,,,
Derrick Williams\willide02,26,"$104,059 ",,,,,,,
Vander Blue\blueva01,25,"$50,000 ",,,,,,,"$50,000 "
Briante Weber\weberbr01,25,"$50,000 ",,,,,,,"$50,000 "
V.J. Beachem\beachvj01,23,"$50,000 ",,,,,,,"$50,000 "
Nigel Hayes\hayesni01,23,"$46,080 ",,,,,,,"$46,080 "
Vander Blue\blueva01,25,,,,,,,,
Team Totals,,"$105,355,450 ","$39,143,365 ","$38,703,565 ","$18,057,119 ",,,,"$154,835,890 "
MEMPHIS GRIZZLIES,Salary,Salary,Salary,Salary,Salary,Salary,,,
Player,Age,2017-18,2018-19,2019-20,2020-21,2021-22,2022-23,Signed Using,Guaranteed
Mike Conley\conlemi01,30,"$28,530,608 ","$30,521,115 ","$32,511,623 ","$34,504,132 ",,,Cap Space,"$113,989,729 "
Chandler Parsons\parsoch01,29,"$23,112,004 ","$24,107,258 ","$25,102,511 ",,,,Cap Space,"$72,321,773 "
Marc Gasol\gasolma01,33,"$22,642,350 ","$24,119,025 ","$25,595,700 ",,,,Bird Rights,"$46,761,375 "
JaMychal Green\greenja01,27,"$8,533,333 ","$7,866,667 ",,,,,Bird Rights,"$16,400,000 "
Ben McLemore\mclembe01,25,"$5,200,000 ","$5,460,000 ",,,,,MLE,"$10,660,000 "
Tyreke Evans\evansty01,28,"$3,290,000 ",,,,,,Bi-annual Exception,"$3,290,000 "
Mario Chalmers\chalmma01,31,"$2,106,407 ",,,,,,Minimum Salary,"$2,106,407 "
Jarell Martin\martija01,23,"$1,471,382 ","$2,416,222 ",,,,,1st Round pick,"$3,887,604 "
Andrew Harrison\harrian01,23,"$1,312,611 ","$1,544,951 ",,,,,Cap Space,"$1,312,611 "
Wayne Selden\seldewa01,23,"$1,312,611 ","$1,544,951 ",,,,,,"$2,085,087 "
Deyonta Davis\davisde01,21,"$1,312,611 ","$1,544,951 ",,,,,Cap Space,"$2,857,562 "
Ivan Rabb\rabbiv01,21,"$950,000 ","$1,378,242 ","$1,618,520 ",,,,MLE,"$2,328,242 "
Dillon Brooks\brookdi01,22,"$815,615 ","$1,378,242 ","$1,618,520 ",,,,MLE,"$2,193,857 "
MarShon Brooks\brookma01,29,"$86,119 ",,,,,,10-Day Contract,
Marquis Teague\teaguma01,25,"$83,129 ",,,,,,10-Day Contract,
Kobi Simmons\simmoko01,20,TBD,,,,,,Two-Way Contract,"$50,000 "
Myke Henry\henrymy01,25,TBD,,,,,,Two-Way Contract,TBD
Brandan Wright\wrighbr03,30,"$5,179,760 ",,,,,,,"$5,179,760 "
Wade Baldwin\baldwwa01,22,"$1,874,400 ",,,,,,,"$1,874,400 "
Brice Johnson\johnsbr02,23,"$1,331,160 ",,,,,,,"$1,331,160 "
Rade Zagorac\zagorra01,22,"$950,000 ","$1,378,242 ",,,,,,"$2,328,242 "
Briante Weber\weberbr01,25,"$83,129 ",,,,,,,
Vince Hunter\huntevi01,23,"$50,000 ",,,,,,,"$50,000 "
Xavier Rathan-Mayes\rathaxa01,23,"$46,080 ",,,,,,,
Team Totals,,"$110,273,309 ","$103,259,866 ","$86,446,874 ","$34,504,132 ",,,,"$291,007,809 "
MIAMA HEAT,Salary,Salary,Salary,Salary,Salary,Salary,,,
Player,Age,2017-18,2018-19,2019-20,2020-21,2021-22,2022-23,Signed Using,Guaranteed
Hassan Whiteside\whiteha01,28,"$23,775,506 ","$25,434,263 ","$27,093,018 ",,,,Cap Space,"$49,209,769 "
Goran Dragic\dragigo01,31,"$17,000,450 ","$18,109,175 ","$19,217,900 ",,,,Bird Rights,"$35,109,625 "
James Johnson\johnsja01,31,"$13,954,000 ","$14,651,700 ","$15,349,400 ",,,,Cap space,"$43,955,100 "
Dion Waiters\waitedi01,26,"$11,000,000 ","$11,550,000 ","$12,100,000 ","$12,650,000 ",,,Cap space,"$47,300,000 "
Kelly Olynyk\olynyke01,26,"$10,607,169 ","$11,137,527 ","$11,667,885 ","$12,198,243 ",,,Cap space,"$33,412,581 "
Wayne Ellington\ellinwa01,30,"$6,270,000 ",,,,,,Cap Space,"$6,270,000 "
Tyler Johnson\johnsty01,25,"$5,881,260 ","$19,245,370 ","$19,245,370 ",,,,Cap Space,"$25,126,630 "
Justise Winslow\winslju01,22,"$2,705,040 ","$3,448,926 ",,,,,1st round pick,"$6,153,966 "
Bam Adebayo\adebaba01,20,"$2,490,360 ","$2,955,840 ","$3,454,080 ","$5,115,492 ",,,1st Round Pick,"$5,446,200 "
Dwyane Wade\wadedw01,36,"$2,328,652 ",,,,,,Minimum Salary,"$2,328,652 "
Udonis Haslem\hasleud01,37,"$2,328,652 ",,,,,,Minimum Salary,"$2,328,652 "
Luke Babbitt\babbilu01,28,"$1,974,159 ",,,,,,Minimum Salary,"$987,080 "
Josh Richardson\richajo01,24,"$1,471,382 ","$9,300,000 ","$10,100,000 ","$10,800,000 ","$11,600,000 ",,Minimum Salary,"$31,671,382 "
Jordan Mickey\mickejo01,23,"$1,471,382 ","$1,600,520 ",,,,,Minimum Salary,"$1,471,382 "
Rodney McGruder\mcgruro01,26,"$1,312,611 ","$1,544,951 ",,,,,Minimum Salary,"$1,312,611 "
Derrick Walton\waltode01,22,TBD,,,,,,Two-Way Contract,"$50,000 "
Derrick Jones\jonesde02,21,TBD,,,,,,Two-Way Contract,TBD
Chris Bosh\boshch01,34,"$25,289,390 ","$26,837,720 ",,,,,,"$52,127,110 "
A.J. Hammons\hammoaj01,25,"$1,312,611 ","$1,544,951 ",,,,,,"$2,857,562 "
Matt Williams\willima05,24,"$50,000 ",,,,,,,"$50,000 "
Team Totals,,"$131,222,624 ","$147,360,943 ","$118,227,653 ","$40,763,735 ","$1,160 ",,,
MILWAUKEE BUCKS,Salary,Salary,Salary,Salary,Salary,Salary,,,
Player,Age,2017-18,2018-19,2019-20,2020-21,2021-22,2022-23,Signed Using,Guaranteed
Giannis Antetokounmpo\antetgi01,23,"$22,471,910 ","$24,157,303 ","$25,842,697 ","$27,528,090 ",,,1st Round Pick,"$100,000,000 "
Eric Bledsoe\bledser01,28,"$14,500,000 ","$15,000,000 ",,,,,Bird Rights,"$29,500,000 "
Khris Middleton\middlkh01,26,"$14,100,000 ","$13,000,000 ","$13,000,000 ",,,,Bird Rights,"$27,100,000 "
John Henson\hensojo01,27,"$11,422,536 ","$10,577,466 ","$9,732,396 ",,,,1st Round Pick,"$31,732,398 "
Tony Snell\snellto01,26,"$9,821,429 ","$10,607,143 ","$11,392,857 ","$12,178,571 ",,,Cap space,"$31,821,429 "
Matthew Dellavedova\dellama01,27,"$9,607,500 ","$9,607,500 ","$9,607,500 ",,,,Cap Space,"$28,822,500 "
Jabari Parker\parkeja01,23,"$6,782,392 ",,,,,,1st Round Pick,"$6,782,392 "
Thon Maker\makerth01,21,"$2,684,160 ","$2,799,720 ","$3,569,643 ",,,,1st Round pick,"$5,483,880 "
Jason Terry\terryja01,40,"$2,328,652 ",,,,,,Minimum Salary,"$2,328,652 "
D.J. Wilson\wilsodj01,22,"$2,135,040 ","$2,534,280 ","$2,961,120 ","$4,548,280 ",,,1st Round Pick,"$4,669,320 "
Tyler Zeller\zellety01,28,"$1,709,538 ","$1,933,941 ",,,,,,"$1,709,538 "
Malcolm Brogdon\brogdma01,25,"$1,312,611 ","$1,544,951 ",,,,,Cap Space,"$1,312,611 "
Sterling Brown\brownst02,23,"$815,615 ","$1,378,242 ","$1,618,520 ",,,,MLE,"$2,193,857 "
Brandon Jennings\jennibr01,28,"$238,020 ",,,,,,10-Day Contract,
Shabazz Muhammad\muhamsh01,25,,,,,,,,
Xavier Munford\munfoxa02,25,TBD,,,,,,Two-Way Contract,TBD
Marshall Plumlee\plumlma02,25,TBD,,,,,,Two-Way Contract,TBD
Mirza Teletovic\teletmi01,32,"$10,500,000 ","$10,500,000 ",,,,,,"$21,000,000 "
Spencer Hawes\hawessp01,29,"$6,021,175 ",,,,,,,"$6,021,175 "
Larry Sanders\sandela01,29,"$1,865,547 ","$1,865,547 ","$1,865,547 ","$1,865,547 ","$1,865,547 ",,,"$9,327,735 "
DeAndre Liggins\liggide01,30,"$1,577,230 ",,,,,,,
Sean Kilpatrick\kilpase01,28,"$789,725 ",,,,,,,"$789,725 "
Gary Payton\paytoga02,25,"$50,000 ",,,,,,,"$50,000 "
Jalen Moore\mooreja02,22,"$50,000 ",,,,,,,"$50,000 "
Joel Bolomboy\bolomjo01,24,"$22,248 ",,,,,,,"$22,248 "
Team Totals,,"$120,805,328 ","$105,506,093 ","$79,590,280 ","$46,120,488 ","$1,865,547 ",,,"$310,717,460 "
MINNESOTA TIMBERWOLVES,Salary,Salary,Salary,Salary,Salary,Salary,,,
Player,Age,2017-18,2018-19,2019-20,2020-21,2021-22,2022-23,Signed Using,Guaranteed
Jimmy Butler\butleji01,28,"$19,301,070 ","$20,445,779 ","$19,841,627 ",,,,Bird Rights,"$39,746,849 "
Jeff Teague\teaguje01,29,"$19,000,000 ","$19,000,000 ","$19,000,000 ",,,,Cap space,"$38,000,000 "
Gorgui Dieng\dienggo01,28,"$14,112,360 ","$15,170,787 ","$16,229,213 ","$17,287,640 ",,,1st Round Pick,"$62,800,000 "
Taj Gibson\gibsota01,32,"$14,000,000 ","$14,000,000 ",,,,,Cap space,"$28,000,000 "
Andrew Wiggins\wiggian01,23,"$7,574,322 ","$25,250,000 ","$27,270,000 ","$29,290,000 ","$31,310,000 ","$33,330,000 ",1st Round Pick,"$154,024,322 "
Cole Aldrich\aldrico01,29,"$7,300,000 ","$6,956,021 ",,,,,Cap Space,"$9,356,021 "
Karl-Anthony Towns\townska01,22,"$6,216,840 ","$7,839,435 ",,,,,1st round pick,"$6,216,840 "
Jamal Crawford\crawfja01,38,"$4,328,000 ","$4,544,400 ",,,,,Room Exception,"$4,328,000 "
Nemanja Bjelica\bjeline01,29,"$3,949,999 ",,,,,,MLE,"$3,949,999 "
Justin Patton\pattoju01,20,"$2,247,480 ","$2,667,600 ","$3,117,240 ","$4,781,846 ",,,1st Round Pick,"$4,915,080 "
Aaron Brooks\brookaa01,33,"$2,116,955 ",,,,,,,"$2,116,955 "
Tyus Jones\jonesty01,21,"$1,471,382 ","$2,444,053 ",,,,,1st Round pick,"$3,915,435 "
Marcus Georges-Hunt\georgma01,24,"$1,312,611 ",,,,,,Minimum Salary,"$1,312,611 "
Derrick Rose\rosede01,29,,,,,,,,
Anthony Brown\brownan02,25,TBD,,,,,,Two-Way Contract,"$50,000 "
Amile Jefferson\jeffeam01,24,TBD,,,,,,Two-Way Contract,TBD
Nikola Pekovic\pekovni01,32,"$11,600,000 ",,,,,,,"$11,600,000 "
Shabazz Muhammad\muhamsh01,25,"$1,577,230 ","$1,795,015 ",,,,,,"$1,577,230 "
Kevin Martin\martike02,35,"$1,360,305 ","$1,360,305 ",,,,,,"$2,720,610 "
Team Totals,,"$117,468,554 ","$121,473,395 ","$85,458,080 ","$51,359,486 ","$31,310,000 ",33330000,,"$374,629,952 "
NEW ORLEANS PELICANS,Salary,Salary,Salary,Salary,Salary,Salary,,,
Player,Age,2017-18,2018-19,2019-20,2020-21,2021-22,2022-23,Signed Using,Guaranteed
Jrue Holiday\holidjr01,27,"$25,686,667 ","$26,131,111 ","$26,131,111 ","$26,131,111 ","$27,020,000 ",,Bird Rights,"$104,080,000 "
Anthony Davis\davisan02,25,"$23,775,506 ","$25,434,263 ","$27,093,019 ","$28,751,775 ",,,1st Round Pick,"$76,302,788 "
DeMarcus Cousins\couside01,27,"$18,063,850 ",,,,,,1st Round Pick,"$18,063,850 "
Nikola Mirotic\mirotni01,27,"$12,500,000 ","$12,500,000 ",,,,,Cap space,"$25,000,000 "
Solomon Hill\hillso01,27,"$12,236,535 ","$12,752,928 ","$13,258,781 ",,,,Cap Space,"$38,248,244 "
E'Twaun Moore\mooreet01,29,"$8,445,024 ","$8,808,685 ","$8,664,928 ",,,,Cap Space,"$25,918,637 "
Alexis Ajinca\ajincal01,29,"$4,961,798 ","$5,285,394 ",,,,,Early Bird Rights,"$10,247,192 "
Rajon Rondo\rondora01,32,"$3,300,000 ",,,,,,MLE,"$3,300,000 "
Darius Miller\milleda01,28,"$2,100,000 ","$2,205,000 ",,,,,MLE,"$2,100,000 "
Ian Clark\clarkia01,27,"$1,577,230 ",,,,,,Minimum Salary,"$1,577,230 "
Cheick Diallo\diallch01,21,"$1,312,611 ","$1,544,951 ",,,,,Minimum Salary,"$1,812,611 "
Frank Jackson\jacksfr01,19,"$815,615 ","$1,378,242 ","$1,618,520 ",,,,MLE,"$2,699,857 "
Charles Cooke\cookech01,23,TBD,,,,,,Two-Way Contract,TBD
Emeka Okafor\okafoem01,35,,,,,,,,
DeAndre Liggins\liggide01,30,,,,,,,,
Josh Smith\smithjo03,32,"$2,183,934 ",,,,,,,
Rashad Vaughn\vaughra01,21,"$1,889,040 ",,,,,,,"$1,889,040 "
Jordan Crawford\crawfjo02,29,"$250,000 ",,,,,,,"$250,000 "
Emeka Okafor\okafoem01,35,"$239,204 ",,,,,,,"$239,204 "
DeAndre Liggins\liggide01,30,"$172,238 ",,,,,,,"$172,238 "
Larry Drew\drewla02,28,"$148,318 ",,,,,,,
Walt Lemon Jr.\lemonwa01,25,"$92,160 ",,,,,,,
Quinn Cook\cookqu01,25,"$25,000 ",,,,,,,"$25,000 "
Axel Toupane\toupaax01,25,"$25,000 ",,,,,,,"$25,000 "
Mike James\jamesmi02,27,,,,,,,,
Team Totals,,"$119,799,730 ","$96,040,574 ","$76,766,359 ","$54,882,886 ","$27,020,000 ",,,"$311,950,891 "
NEW YORK KNICKS,Salary,Salary,Salary,Salary,Salary,Salary,,,
Player,Age,2017-18,2018-19,2019-20,2020-21,2021-22,2022-23,Signed Using,Guaranteed
Enes Kanter\kanteen01,25,"$20,566,802 ","$18,622,514 ",,,,,Bird Rights,"$20,566,802 "
Joakim Noah\noahjo01,33,"$17,765,000 ","$18,530,000 ","$19,295,000 ",,,,Cap Space,"$55,590,000 "
Tim Hardaway\hardati02,26,"$16,500,000 ","$17,325,000 ","$18,150,000 ","$18,975,000 ",,,Cap space,"$51,975,000 "
Courtney Lee\leeco01,32,"$11,747,890 ","$12,253,780 ","$12,759,670 ",,,,Cap Space,"$36,761,340 "
Lance Thomas\thomala01,29,"$6,655,325 ","$7,119,650 ","$7,583,975 ",,,,Cap Space,"$13,774,975 "
Kristaps Porzingis\porzikr01,22,"$4,503,600 ","$5,697,054 ",,,,,1st round pick,"$10,200,654 "
Ron Baker\bakerro01,25,"$4,328,000 ","$4,544,400 ",,,,,Room Exception,"$4,328,000 "
Kyle O'Quinn\oquinky01,28,"$4,087,500 ","$4,256,250 ",,,,,Bird Rights,"$4,087,500 "
Frank Ntilikina\ntilila01,19,"$3,501,120 ","$4,155,720 ","$4,855,800 ","$6,176,578 ",,,1st Round Pick,"$7,656,840 "
Emmanuel Mudiay\mudiaem01,22,"$3,381,480 ","$4,294,480 ",,,,,1st round pick,"$7,675,960 "
Jarrett Jack\jackja01,34,"$2,328,652 ",,,,,,Minimum Salary,"$2,328,652 "
Michael Beasley\beaslmi01,29,"$2,116,955 ",,,,,,Minimum Salary,"$2,116,955 "
Damyean Dotson\dotsoda01,23,"$1,100,000 ","$1,378,242 ","$1,618,520 ",,,,Minimum Salary,"$2,478,242 "
Trey Burke\burketr01,25,"$784,160 ","$1,795,015 ",,,,,Minimum Salary,"$784,160 "
Isaiah Hicks\hicksis01,23,TBD,,,,,,Two-Way Contract,"$49,153 "
Troy Williams\willitr02,23,,,,,,,,
Luke Kornet\kornelu01,22,TBD,,,,,,Two-Way Contract,"$50,000 "
Mindaugas Kuzminskas\kuzmimi01,28,"$3,025,035 ",,,,,,,"$3,025,035 "
Ramon Sessions\sessira01,31,"$2,328,652 ",,,,,,,"$2,328,652 "
Johnny O'Bryant\obryajo01,24,"$1,524,305 ",,,,,,,"$1,524,305 "
Chasson Randle\randlch01,25,"$1,312,611 ",,,,,,,
Troy Williams\willitr02,23,"$148,318 ",,,,,,,
Marshall Plumlee\plumlma02,25,"$100,000 ",,,,,,,"$100,000 "
Nigel Hayes\hayesni01,23,"$50,000 ",,,,,,,"$50,000 "
Team Totals,,"$107,855,405 ","$99,972,105 ","$64,262,965 ","$25,151,578 ",,,,"$227,452,225 "
OKLAHOMA CITY THUNDER,Salary,Salary,Salary,Salary,Salary,Salary,,,
Player,Age,2017-18,2018-19,2019-20,2020-21,2021-22,2022-23,Signed Using,Guaranteed
Russell Westbrook\westbru01,29,"$28,530,608 ","$35,350,000 ","$38,178,000 ","$41,006,000 ","$43,848,000 ","$46,662,000 ",Bird Rights,"$186,912,608 "
Carmelo Anthony\anthoca01,33,"$26,243,760 ","$27,928,140 ",,,,,Bird Rights,"$26,243,760 "
Steven Adams\adamsst01,24,"$22,471,910 ","$24,157,303 ","$25,842,697 ","$27,528,090 ",,,1st Round Pick,"$100,000,000 "
Paul George\georgpa01,27,"$19,508,958 ","$20,703,384 ",,,,,1st Round Pick,"$19,508,958 "
Andre Roberson\roberan03,26,"$9,259,259 ","$10,000,000 ","$10,740,741 ",,,,Bird Rights,"$30,000,000 "
Alex Abrines\abrinal01,24,"$5,725,000 ","$5,455,236 ",,,,,Cap Space,"$11,180,236 "
Patrick Patterson\pattepa01,29,"$5,192,000 ","$5,451,600 ","$5,711,200 ",,,,MLE,"$10,643,600 "
Kyle Singler\singlky01,29,"$4,666,500 ","$4,996,000 ","$5,333,500 ",,,,Bird Rights,"$9,662,500 "
Nick Collison\collini01,37,"$2,328,652 ",,,,,,Minimum Salary,"$2,328,652 "
Raymond Felton\feltora01,33,"$2,328,652 ",,,,,,Minimum Salary,"$2,328,652 "
Terrance Ferguson\fergute01,19,"$1,785,000 ","$2,118,840 ","$2,475,840 ","$3,944,013 ",,,1st Round Pick,"$3,903,840 "
Jerami Grant\grantje01,24,"$1,524,305 ",,,,,,Draft Pick,"$1,524,305 "
Josh Huestis\huestjo01,26,"$1,471,382 ",,,,,,,"$1,471,382 "
Dakari Johnson\johnsda04,22,"$815,615 ","$1,378,242 ",,,,,,"$2,193,857 "
Daniel Hamilton\hamilda02,22,TBD,,,,,,Two-Way Contract,"$50,000 "
Corey Brewer\breweco01,32,,,,,,,,
PJ Dozier\doziepj01,21,TBD,,,,,,Two-Way Contract,"$50,000 "
Ronnie Price\pricero01,34,"$2,442,455 ",,,,,,,"$2,442,455 "
Team Totals,,"$134,294,056 ","$137,538,745 ","$88,281,978 ","$72,478,103 ","$43,848,000 ",46662000,,"$410,444,805 "
ORLANDO MAGIC TEAM PAYROLL,Salary,Salary,Salary,Salary,Salary,Salary,,,
Player,Age,2017-18,2018-19,2019-20,2020-21,2021-22,2022-23,Signed Using,Guaranteed
Evan Fournier\fournev01,25,"$17,000,000 ","$17,000,000 ","$17,000,000 ","$17,000,000 ",,,Cap Space,"$51,000,000 "
Bismack Biyombo\biyombi01,25,"$17,000,000 ","$17,000,000 ","$17,000,000 ",,,,Cap Space,"$34,000,000 "
Nikola Vucevic\vucevni01,27,"$12,250,000 ","$12,750,000 ",,,,,Bird Rights,"$25,000,000 "
Terrence Ross\rosste01,27,"$10,500,000 ","$10,500,000 ",,,,,Rookie scale extension,"$21,000,000 "
D.J. Augustin\augusdj01,30,"$7,250,000 ","$7,250,000 ","$7,250,000 ",,,,Cap Space,"$21,750,000 "
Jonathon Simmons\simmojo02,28,"$6,300,000 ","$6,000,000 ","$5,700,000 ",,,,Cap space,"$13,300,000 "
Shelvin Mack\macksh01,27,"$6,000,000 ","$6,000,000 ",,,,,Cap space,"$6,000,000 "
Aaron Gordon\gordoaa01,22,"$5,504,420 ",,,,,,1st Round Pick,"$5,504,420 "
Jonathan Isaac\isaacjo01,20,"$4,186,320 ","$4,969,080 ","$5,806,440 ","$7,362,566 ",,,1st Round Pick,"$9,155,400 "
Mario Hezonja\hezonma01,23,"$4,078,320 ",,,,,,1st round pick,"$4,078,320 "
Arron Afflalo\afflaar01,32,"$2,328,652 ",,,,,,Minimum Salary,"$2,328,652 "
Marreese Speights\speigma01,30,"$2,116,955 ",,,,,,Minimum Salary,"$2,116,955 "
Wesley Iwundu\iwundwe01,23,"$1,050,000 ","$1,378,242 ","$1,618,520 ",,,,,"$2,428,242 "
Khem Birch\birchkh01,25,"$815,615 ","$1,378,242 ",,,,,Minimum Salary,"$815,615 "
Rodney Purvis\purviro01,24,,,,,,,,
Jamel Artis\artisja01,25,TBD,,,,,,Two-Way Contract,"$50,000 "
C.J. Watson\watsocj01,33,"$333,334 ","$333,333 ","$333,333 ",,,,,"$1,000,000 "
Rashad Vaughn\vaughra01,21,"$166,258 ",,,,,,,
Rodney Purvis\purviro01,24,"$92,160 ",,,,,,,
Adreian Payne\paynead01,27,,,,,,,,"$50,000 "
Team Totals,,"$96,972,034 ","$84,558,897 ","$54,708,293 ","$24,362,566 ",,,,"$199,577,604 "
PHILADELPHIA 76ERS,Salary,Salary,Salary,Salary,Salary,Salary,,,
Player,Age,2017-18,2018-19,2019-20,2020-21,2021-22,2022-23,Signed Using,Guaranteed
J.J. Redick\redicjj01,33,"$23,000,000 ",,,,,,Cap space,"$23,000,000 "
Robert Covington\covinro01,27,"$16,698,103 ","$10,464,092 ","$11,301,219 ","$12,138,345 ","$12,975,471 ",,Cap Space,"$63,577,230 "
Amir Johnson\johnsam01,30,"$11,000,000 ",,,,,,Cap space,"$11,000,000 "
Jerryd Bayless\bayleje01,29,"$9,000,000 ","$8,575,916 ",,,,,Cap Space,"$17,575,916 "
Markelle Fultz\fultzma01,19,"$7,026,240 ","$8,339,880 ","$9,745,200 ","$12,288,697 ",,,1st Round Pick,"$15,366,120 "
Ben Simmons\simmobe01,21,"$6,168,840 ","$6,434,520 ","$8,113,930 ",,,,1st Round pick,"$12,603,360 "
Joel Embiid\embiijo01,24,"$6,100,266 ","$25,250,000 ","$27,270,000 ","$29,290,000 ","$31,310,000 ","$33,330,000 ",1st Round Pick,"$6,100,266 "
Dario Saric\saricda01,23,"$2,422,560 ","$2,526,840 ","$3,481,986 ",,,,1st Round pick,"$4,949,400 "
Justin Anderson\anderju01,24,"$1,579,440 ","$2,516,048 ",,,,,1st Round pick,"$4,095,488 "
T.J. McConnell\mccontj01,26,"$1,471,382 ","$1,600,520 ",,,,,Minimum Salary,"$1,471,382 "
Richaun Holmes\holmeri01,24,"$1,471,382 ","$1,600,520 ",,,,,Cap Space,"$1,471,382 "
Furkan Korkmaz\korkmfu01,20,"$1,465,920 ","$1,740,000 ","$2,033,160 ","$3,665,787 ",,,1st Round Pick,"$3,205,920 "
Timothe Luwawu-Cabarrot\luwawti01,22,"$1,386,600 ","$1,544,951 ","$2,529,684 ",,,,1st Round pick,"$2,931,551 "
Marco Belinelli\belinma01,32,"$776,217 ",,,,,,Minimum Salary,
Ersan Ilyasova\ilyaser01,30,"$502,328 ",,,,,,Minimum Salary,
Demetrius Jackson\jacksde01,23,TBD,,,,,,Two-Way Contract,TBD
Trevor Booker\booketr01,30,"$9,125,000 ",,,,,,,"$9,125,000 "
Gerald Henderson\hendege02,30,"$1,000,000 ",,,,,,,"$1,000,000 "
Tibor Pleiss\pleisti01,28,"$500,000 ",,,,,,,"$500,000 "
Jacob Pullen\pulleja01,28,"$50,000 ",,,,,,,"$50,000 "
James Michael McAdoo\mcadoja01,25,"$50,000 ",,,,,,,"$50,000 "
James Young\youngja01,22,,,,,,,,
Team Totals,,"$100,794,278 ","$70,593,287 ","$64,475,179 ","$57,382,829 ","$44,285,471 ",33330000,,"$178,073,015 "
PHOENIX SUNS,Salary,Salary,Salary,Salary,Salary,Salary,,,
Player,Age,2017-18,2018-19,2019-20,2020-21,2021-22,2022-23,Signed Using,Guaranteed
Brandon Knight\knighbr03,26,"$13,618,750 ","$14,631,250 ","$15,643,750 ",,,,,"$43,893,750 "
Tyson Chandler\chandty01,35,"$13,000,000 ","$13,585,000 ",,,,,Cap Space,"$26,585,000 "
Jared Dudley\dudleja01,32,"$10,000,000 ","$9,530,000 ",,,,,Cap Space,"$19,530,000 "
Alan Williams\willial03,25,"$6,000,000 ","$5,520,000 ","$5,520,000 ",,,,Cap space,"$6,000,000 "
Josh Jackson\jacksjo02,21,"$5,090,040 ","$6,041,520 ","$7,059,480 ","$8,930,242 ",,,1st Round Pick,"$11,131,560 "
Dragan Bender\bendedr01,20,"$4,468,800 ","$4,661,280 ","$5,896,519 ",,,,1st Round pick,"$9,130,080 "
Alex Len\lenal01,24,"$4,187,599 ",,,,,,1st Round Pick,"$4,187,599 "
Troy Daniels\danietr01,26,"$3,408,520 ","$3,258,540 ",,,,,Cap Space,"$6,667,060 "
Elfrid Payton\paytoel01,24,"$3,332,340 ",,,,,,1st Round Pick,"$3,332,340 "
T.J. Warren\warretj01,24,"$3,152,931 ","$11,750,000 ","$10,810,000 ","$11,750,000 ","$12,690,000 ",,1st Round Pick,"$50,152,931 "
Marquese Chriss\chrisma01,20,"$3,073,800 ","$3,206,160 ","$4,078,236 ",,,,1st Rd pick,"$6,279,960 "
Devin Booker\bookede01,21,"$2,319,360 ","$3,314,365 ",,,,,1st round pick,"$5,633,725 "
Tyler Ulis\ulisty01,22,"$1,312,611 ","$1,544,951 ","$1,676,735 ",,,,Cap Space,"$1,312,611 "
Davon Reed\reedda01,22,"$815,615 ","$1,378,242 ","$1,618,520 ",,,,Minimum Salary,"$1,504,736 "
Alec Peters\peteral01,22,TBD,,,,,,Two-Way Contract,"$50,000 "
Shaquille Harrison\harrish01,24,,,,,,,,
Danuel House\houseda01,24,TBD,,,,,,Two-Way Contract,TBD
Greg Monroe\monrogr01,27,"$17,884,176 ",,,,,,,"$17,884,176 "
Derrick Jones\jonesde02,21,"$1,312,611 ",,,,,,,
Isaiah Canaan\canaais01,26,"$1,069,308 ",,,,,,,"$1,069,308 "
Leandro Barbosa\barbole01,35,"$500,000 ",,,,,,,"$500,000 "
Josh Gray\grayjo01,24,"$92,160 ",,,,,,,"$92,160 "
Shaquille Harrison\harrish01,24,"$92,160 ",,,,,,,
Mike James\jamesmi02,27,"$87,552 ",,,,,,,"$87,552 "
Team Totals,,"$94,818,333 ","$78,421,308 ","$52,303,240 ","$20,680,242 ","$12,690,000 ",,,"$215,024,548 "
PORTLAND TRAIL BLAZERS,Salary,Salary,Salary,Salary,Salary,Salary,,,
Player,Age,2017-18,2018-19,2019-20,2020-21,2021-22,2022-23,Signed Using,Guaranteed
Damian Lillard\lillada01,27,"$26,153,057 ","$27,977,689 ","$29,802,321 ","$31,626,953 ",,,1st Round Pick,"$115,560,020 "
C.J. McCollum\mccolcj01,26,"$23,962,573 ","$25,759,766 ","$27,556,959 ","$29,354,152 ",,,1st Round Pick,"$106,633,450 "
Evan Turner\turneev01,29,"$17,131,148 ","$17,868,852 ","$18,606,557 ",,,,Cap Space,"$53,606,557 "
Maurice Harkless\harklma01,24,"$10,162,922 ","$10,837,079 ","$11,511,234 ",,,,Cap Space,"$32,511,235 "
Meyers Leonard\leoname01,26,"$9,904,495 ","$10,595,506 ","$11,286,515 ",,,,Cap Space,"$31,786,516 "
Al-Farouq Aminu\aminual01,27,"$7,319,035 ","$6,957,105 ",,,,,Cap Space,"$14,276,140 "
Ed Davis\davised01,28,"$6,352,531 ",,,,,,Cap Space,"$6,352,531 "
Zach Collins\colliza01,20,"$3,057,240 ","$3,628,920 ","$4,240,200 ","$5,406,255 ",,,1st Round Pick,"$6,686,160 "
Jusuf Nurkic\nurkiju01,23,"$2,947,305 ",,,,,,1st Round Pick,"$2,947,305 "
Shabazz Napier\napiesh01,26,"$2,361,360 ",,,,,,1st Round Pick,"$2,361,360 "
Pat Connaughton\connapa01,25,"$1,471,382 ",,,,,,Minimum Salary,"$1,471,382 "
Caleb Swanigan\swanica01,20,"$1,465,920 ","$1,740,000 ","$2,033,160 ","$3,665,787 ",,,1st Round Pick,"$3,205,920 "
Jake Layman\laymaja01,24,"$1,312,611 ","$1,544,951 ",,,,,Cap Space,"$1,312,611 "
Wade Baldwin\baldwwa01,22,"$222,476 ",,,,,,Minimum Salary,
C.J. Wilcox\wilcocj01,27,TBD,,,,,,Two-Way Contract,"$50,000 "
Georgios Papagiannis\papagge01,20,,,,,,,,
Andrew Nicholson\nichoan01,28,"$2,844,429 ","$2,844,429 ","$2,844,429 ","$2,844,429 ","$2,844,429 ","$2,844,429 ",,"$19,911,003 "
Anderson Varejao\varejan01,35,"$1,913,345 ","$1,913,345 ","$1,913,345 ","$1,913,345 ",,,,"$7,653,380 "
Festus Ezeli\ezelife01,28,"$333,334 ","$333,333 ","$333,333 ",,,,,"$1,000,000 "
Brandon Rush\rushbr01,32,"$119,602 ",,,,,,,
Georgios Papagiannis\papagge01,20,"$74,159 ",,,,,,,
Wade Baldwin\baldwwa01,22,,,,,,,,
Team Totals,,"$119,108,924 ","$112,000,975 ","$110,128,053 ","$74,810,921 ","$2,844,429 ",2844429,,"$407,325,570 "
SACRAMENTO KINGS,Salary,Salary,Salary,Salary,Salary,Salary,,,
Player,Age,2017-18,2018-19,2019-20,2020-21,2021-22,2022-23,Signed Using,Guaranteed
Zach Randolph\randoza01,36,"$12,307,692 ","$11,692,308 ",,,,,Cap space,"$24,000,000 "
Iman Shumpert\shumpim01,27,"$10,337,079 ","$11,011,234 ",,,,,Bird Rights,"$10,337,079 "
Bogdan Bogdanovic\bogdabo01,25,"$9,470,614 ","$9,000,000 ","$8,529,386 ",,,,Cap space,"$27,000,000 "
Kosta Koufos\koufoko01,29,"$8,393,000 ","$8,739,500 ",,,,,Cap Space,"$8,393,000 "
Vince Carter\cartevi01,41,"$8,000,000 ",,,,,,Cap space,"$8,000,000 "
Garrett Temple\templga01,31,"$8,000,000 ","$8,000,000 ",,,,,Cap Space,"$8,000,000 "
De'Aaron Fox\foxde01,20,"$4,609,200 ","$5,407,920 ","$6,392,760 ","$8,099,627 ",,,1st Round Pick,"$10,017,120 "
Willie Cauley-Stein\caulewi01,24,"$3,704,160 ","$4,696,875 ",,,,,1st round pick,"$8,401,035 "
Buddy Hield\hieldbu01,24,"$3,675,480 ","$3,833,760 ","$4,861,208 ",,,,1st Round pick,"$7,509,240 "
Bruno Caboclo\cabocbr01,22,"$2,451,225 ",,,,,,1st Round Pick,"$2,451,225 "
Justin Jackson\jacksju01,23,"$2,365,560 ","$2,807,880 ","$3,280,920 ","$5,029,650 ",,,1st Round Pick,"$5,173,440 "
Harry Giles\gilesha01,19,"$1,859,400 ","$2,207,040 ","$2,578,800 ","$3,976,510 ",,,1st Round Pick,"$4,066,440 "
Skal Labissiere\labissk01,22,"$1,312,611 ","$1,544,951 ","$2,338,847 ",,,,1st Round pick,"$2,857,562 "
Frank Mason\masonfr01,23,"$1,184,385 ","$1,378,242 ","$1,618,520 ",,,,,"$2,562,627 "
Jack Cooley\cooleja01,26,TBD,,,,,,Two-Way Contract,"$50,000 "
JaKarr Sampson\sampsja02,25,TBD,,,,,,Two-Way Contract,"$50,000 "
Joe Johnson\johnsjo02,36,"$9,505,000 ",,,,,,,"$9,505,000 "
Georgios Papagiannis\papagge01,20,"$2,301,360 ","$2,400,480 ","$3,430,288 ",,,,,"$4,701,840 "
Matt Barnes\barnema02,38,"$2,133,542 ","$2,133,542 ","$2,133,541 ",,,,,"$6,400,625 "
Anthony Tolliver\tollian01,32,"$2,000,000 ",,,,,,,"$2,000,000 "
Arron Afflalo\afflaar01,32,"$1,500,000 ",,,,,,,"$1,500,000 "
Caron Butler\butleca01,38,"$517,220 ","$517,220 ",,,,,,"$1,034,440 "
Team Totals,,"$95,627,528 ","$75,370,952 ","$35,164,270 ","$17,105,787 ",,,,"$154,010,673 "
SAN ANTONIO SPURS,Salary,Salary,Salary,Salary,Salary,Salary,,,
Player,Age,2017-18,2018-19,2019-20,2020-21,2021-22,2022-23,Signed Using,Guaranteed
LaMarcus Aldridge\aldrila01,32,"$21,461,010 ","$22,347,015 ","$26,000,000 ",,,,Cap Space,"$69,808,025 "
Kawhi Leonard\leonaka01,26,"$18,868,625 ","$20,099,189 ","$21,329,752 ",,,,Bird Rights,"$38,967,814 "
Pau Gasol\gasolpa01,37,"$16,000,000 ","$16,000,000 ","$16,000,000 ",,,,,"$38,700,000 "
Tony Parker\parketo01,35,"$15,453,126 ",,,,,,Bird Rights,"$15,453,126 "
Patty Mills\millspa02,29,"$10,714,286 ","$11,571,429 ","$12,428,571 ","$13,285,714 ",,,Bird Rights,"$48,000,000 "
Danny Green\greenda02,30,"$10,000,000 ","$10,000,000 ",,,,,Bird Rights,"$10,000,000 "
Rudy Gay\gayru01,31,"$8,406,000 ","$8,826,300 ",,,,,MLE,"$8,406,000 "
Manu Ginobili\ginobma01,40,"$2,500,000 ","$2,500,000 ",,,,,,"$5,000,000 "
Kyle Anderson\anderky01,24,"$2,151,704 ",,,,,,1st Round Pick,"$2,151,704 "
Joffrey Lauvergne\lauvejo01,26,"$1,524,305 ","$1,656,092 ",,,,,,"$1,524,305 "
Derrick White\whitede01,23,"$1,404,600 ","$1,667,160 ","$1,948,080 ","$3,516,284 ",,,1st Round Pick,"$3,071,760 "
Bryn Forbes\forbebr01,24,"$1,312,611 ",,,,,,Minimum Salary,"$1,312,611 "
Davis Bertans\bertada01,25,"$1,312,611 ",,,,,,Minimum Salary,"$1,312,611 "
Dejounte Murray\murrade01,21,"$1,312,611 ","$1,544,951 ","$2,321,735 ",,,,1st Round pick,"$2,857,562 "
Brandon Paul\paulbr01,26,"$815,615 ","$1,378,242 ",,,,,Minimum Salary,"$815,615 "
Matt Costello\costema01,24,TBD,,,,,,Two-Way Contract,"$50,000 "
Darrun Hilliard\hillida01,24,TBD,,,,,,Two-Way Contract,"$50,000 "
Tim Duncan\duncati01,41,"$1,881,250 ","$1,881,250 ",,,,,,"$3,762,500 "
Livio Jean-Charles\jeancli01,24,"$1,035,200 ",,,,,,,"$1,035,200 "
Team Totals,,"$116,153,554 ","$99,471,628 ","$80,028,138 ","$16,801,998 ",,,,"$252,278,833 "
TORONTO RAPTORS,Salary,Salary,Salary,Salary,Salary,Salary,,,
Player,Age,2017-18,2018-19,2019-20,2020-21,2021-22,2022-23,Signed Using,Guaranteed
Kyle Lowry\lowryky01,32,"$28,703,704 ","$31,000,000 ","$33,296,296 ",,,,Bird Rights,"$93,000,000 "
DeMar DeRozan\derozde01,28,"$27,739,975 ","$27,739,975 ","$27,739,975 ","$27,739,975 ",,,Cap Space,"$83,219,925 "
Serge Ibaka\ibakase01,28,"$20,061,729 ","$21,666,667 ","$23,271,604 ",,,,Cap space,"$65,000,000 "
Jonas Valanciunas\valanjo01,25,"$15,460,675 ","$16,539,326 ","$17,617,977 ",,,,1st Round Pick,"$32,000,001 "
C.J. Miles\milescj01,30,"$7,936,509 ","$8,333,333 ","$8,730,158 ",,,,MLE,"$16,269,842 "
Lucas Nogueira\noguelu01,25,"$2,947,305 ",,,,,,1st Round Pick,"$2,947,305 "
Jakob Poeltl\poeltja01,22,"$2,825,640 ","$2,947,320 ","$3,754,886 ",,,,1st Round pick,"$5,772,960 "
Delon Wright\wrighde01,25,"$1,645,200 ","$2,536,898 ",,,,,1st Round pick,"$4,182,098 "
OG Anunoby\anunoog01,20,"$1,645,200 ","$1,952,760 ","$2,281,800 ","$3,872,215 ",,,1st Round Pick,"$3,597,960 "
Malachi Richardson\richama01,22,"$1,504,560 ","$1,569,360 ","$2,581,597 ",,,,1st Round pick,"$3,073,920 "
Norman Powell\powelno01,24,"$1,471,382 ","$9,367,200 ","$10,116,576 ","$10,865,952 ","$11,615,328 ",,Cap Space,"$31,821,110 "
Fred VanVleet\vanvlfr01,24,"$1,312,611 ",,,,,,Minimum Salary,
Pascal Siakam\siakapa01,24,"$1,312,611 ","$1,544,951 ","$2,351,839 ",,,,1st Round pick,"$2,857,562 "
Alfonzo McKinnie\mckinal01,25,"$815,615 ","$1,378,242 ",,,,,Minimum Salary,"$815,615 "
Lorenzo Brown\brownlo01,27,TBD,,,,,,Two-Way Contract,"$50,000 "
Malcolm Miller\millema01,25,TBD,,,,,,Two-Way Contract,"$50,000 "
Justin Hamilton\hamilju01,27,"$1,000,000 ","$1,000,000 ","$1,000,000 ",,,,,"$3,000,000 "
K.J. McDaniels\mcdankj01,25,"$100,000 ",,,,,,,"$100,000 "
Nigel Hayes\hayesni01,23,"$92,160 ",,,,,,,
Team Totals,,"$116,574,876 ","$127,576,032 ","$132,742,708 ","$42,478,142 ","$11,615,328 ",,,"$347,758,298 "
UTAH JAZZ,Salary,Salary,Salary,Salary,Salary,Salary,,,
Player,Age,2017-18,2018-19,2019-20,2020-21,2021-22,2022-23,Signed Using,Guaranteed
Rudy Gobert\goberru01,25,"$21,974,719 ","$23,491,573 ","$25,008,427 ","$26,525,281 ",,,1st Round Pick,"$97,000,000 "
Ricky Rubio\rubiori01,27,"$14,275,000 ","$14,975,000 ",,,,,1st Round Pick,"$29,250,000 "
Joe Ingles\inglejo01,30,"$14,136,364 ","$13,045,455 ","$11,954,546 ","$10,863,637 ",,,Bird Rights,"$50,000,002 "
Derrick Favors\favorde01,26,"$12,000,000 ",,,,,,1st Round Pick,"$12,000,000 "
Alec Burks\burksal01,26,"$10,845,506 ","$11,536,515 ",,,,,1st Round Pick,"$22,382,021 "
Jae Crowder\crowdja01,27,"$6,796,117 ","$7,305,825 ","$7,815,533 ",,,,Bird Rights,"$21,917,475 "
Thabo Sefolosha\sefolth01,33,"$5,250,000 ","$5,250,000 ",,,,,Cap space,"$5,250,000 "
Dante Exum\exumda01,22,"$4,992,385 ",,,,,,1st Round Pick,"$4,992,385 "
Jonas Jerebko\jerebjo01,31,"$4,000,000 ","$4,200,000 ",,,,,Cap space,"$4,000,000 "
Ekpe Udoh\udohek01,30,"$3,200,000 ","$3,360,000 ",,,,,Room Exception,"$3,200,000 "
Donovan Mitchell\mitchdo01,21,"$2,621,280 ","$3,111,480 ","$3,635,760 ","$5,195,501 ",,,1st Round Pick,"$5,732,760 "
Raul Neto\netora01,25,"$1,471,382 ",,,,,,,"$1,471,382 "
Tony Bradley\bradlto01,20,"$1,414,920 ","$1,679,520 ","$1,962,360 ","$3,542,060 ",,,1st Round Pick,"$3,094,440 "
Royce O'Neale\onealro01,24,"$815,615 ","$1,378,242 ","$1,618,520 ",,,,Cap space,"$815,615 "
David Stockton\stockda01,26,"$148,318 ",,,,,,10-Day Contract,
Georges Niang\niangge01,24,TBD,,,,,,Two-Way Contract,TBD
Erik McCree\mccreer01,24,TBD,,,,,,Two-Way Contract,TBD
Derrick Rose\rosede01,29,"$2,116,955 ",,,,,,,"$2,116,955 "
Joel Bolomboy\bolomjo01,24,"$1,312,611 ",,,,,,,"$1,312,611 "
Naz Mitrou-Long\mitrona01,24,"$92,160 ",,,,,,,
Nate Wolters\woltena01,26,"$50,000 ",,,,,,,"$50,000 "
Naz Mitrou-Long\mitrona01,24,"$50,000 ",,,,,,,"$50,000 "
Eric Griffin\griffer01,27,"$50,000 ",,,,,,,"$50,000 "
Team Totals,,"$107,613,332 ","$89,333,610 ","$51,995,146 ","$46,126,479 ",,,,"$264,685,646 "
WASHINGTON WIZARDS,Salary,Salary,Salary,Salary,Salary,Salary,,,
Player,Age,2017-18,2018-19,2019-20,2020-21,2021-22,2022-23,Signed Using,Guaranteed
Otto Porter\porteot01,24,"$24,773,250 ","$26,011,913 ","$27,250,576 ","$28,489,239 ",,,Bird Rights,"$78,035,739 "
Bradley Beal\bealbr01,24,"$23,775,506 ","$25,434,263 ","$27,093,019 ","$28,751,775 ",,,Cap Space,"$105,054,563 "
John Wall\walljo01,27,"$18,063,850 ","$19,169,800 ","$37,800,000 ","$40,824,000 ","$43,848,000 ","$46,872,000 ",Bird Rights,"$159,705,650 "
Ian Mahinmi\mahinia01,31,"$16,661,641 ","$15,944,154 ","$15,450,051 ",,,,Cap Space,"$48,055,846 "
Marcin Gortat\gortama01,34,"$12,782,609 ","$13,565,218 ",,,,,Bird Rights,"$26,347,827 "
Markieff Morris\morrima02,28,"$8,000,000 ","$8,600,000 ",,,,,Bird Rights,"$16,600,000 "
Jason Smith\smithja02,32,"$5,225,000 ","$5,450,000 ",,,,,Cap Space,"$5,225,000 "
Jodie Meeks\meeksjo01,30,"$3,290,000 ","$3,454,500 ",,,,,Bi-annual Exception,"$3,290,000 "
Tomas Satoransky\satorto01,26,"$3,000,000 ","$3,129,187 ",,,,,Cap Space,"$6,129,187 "
Kelly Oubre\oubreke01,22,"$2,093,040 ","$3,208,630 ",,,,,1st round pick,"$5,301,670 "
Tim Frazier\fraziti01,27,"$2,000,000 ",,,,,,Room exception,"$2,000,000 "
Mike Scott\scottmi01,29,"$1,709,538 ",,,,,,Minimum Salary,"$1,709,538 "
Chris McCullough\mcculch01,23,"$1,471,382 ",,,,,,1st Round pick,"$1,471,382 "
Devin Robinson\robinde01,23,TBD,,,,,,Two-Way Contract,"$50,000 "
Ramon Sessions\sessira01,31,,,,,,,,
Martell Webster\webstma02,31,"$830,000 ","$830,000 ",,,,,,"$1,660,000 "
